day,predict
101,89.511480
102,89.366154
103,89.228093
104,89.096936
105,88.972336
106,88.853966
107,88.741515
108,88.634687
109,88.533199
110,88.436787
